[
  {
    "inputs": [
      {
        "internalType": "address",
        "name": "_owner",
        "type": "address"
      }
    ],
    "stateMutability": "nonpayable",
    "type": "constructor"
  },
  {
    "inputs": [
      {
        "internalType": "address",
        "name": "_token",
        "type": "address"
      },
      {
        "internalType": "address",
        "name": "_owner",
        "type": "address"
      },
      {
        "internalType": "uint256",
        "name": "_rewards",
        "type": "uint256"
      },
      {
        "internalType": "uint256",
        "name": "_decimals",
        "type": "uint256"
      },
      {
        "internalType": "uint256",
        "name": "_rewardsDuration",
        "type": "uint256"
      }
    ],
    "name": "create",
    "outputs": [
      {
        "internalType": "contract Staking",
        "name": "pool",
        "type": "address"
      }
    ],
    "stateMutability": "nonpayable",
    "type": "function"
  },
  {
    "inputs": [
      {
        "internalType": "address",
        "name": "_poolAddress",
        "type": "address"
      }
    ],
    "name": "deletePool",
    "outputs": [],
    "stateMutability": "nonpayable",
    "type": "function"
  },
  {
    "inputs": [],
    "name": "getPoolAddress",
    "outputs": [
      {
        "internalType": "address[]",
        "name": "",
        "type": "address[]"
      }
    ],
    "stateMutability": "view",
    "type": "function"
  },
  {
    "inputs": [
      {
        "internalType": "address",
        "name": "_poolAddress",
        "type": "address"
      }
    ],
    "name": "getPoolDetails",
    "outputs": [
      {
        "components": [
          {
            "internalType": "address",
            "name": "_token",
            "type": "address"
          },
          {
            "internalType": "address",
            "name": "_owner",
            "type": "address"
          },
          {
            "internalType": "uint256",
            "name": "_rewards",
            "type": "uint256"
          },
          {
            "internalType": "uint256",
            "name": "_decimals",
            "type": "uint256"
          },
          {
            "internalType": "uint256",
            "name": "_rewardsDuration",
            "type": "uint256"
          }
        ],
        "internalType": "struct PoolFactory.PoolInfo",
        "name": "",
        "type": "tuple"
      }
    ],
    "stateMutability": "view",
    "type": "function"
  }
]
