[
  {
    "inputs": [
      { "internalType": "address", "name": "_owner", "type": "address" },
      { "internalType": "address", "name": "_developer", "type": "address" },
      { "internalType": "address", "name": "_token", "type": "address" },
      { "internalType": "uint256", "name": "_platformFees", "type": "uint256" },
      { "internalType": "uint256", "name": "_developerFees", "type": "uint256" }
    ],
    "stateMutability": "nonpayable",
    "type": "constructor"
  },
  {
    "inputs": [
      { "internalType": "address", "name": "_token", "type": "address" },
      { "internalType": "address", "name": "_owner", "type": "address" },
      {
        "internalType": "address",
        "name": "_factoryContract",
        "type": "address"
      },
      { "internalType": "uint256", "name": "_rewards", "type": "uint256" },
      { "internalType": "uint256", "name": "_decimals", "type": "uint256" },
      {
        "internalType": "uint256",
        "name": "_rewardsDuration",
        "type": "uint256"
      },
      {
        "internalType": "uint256",
        "name": "_totalTokenAmount",
        "type": "uint256"
      }
    ],
    "name": "createPool",
    "outputs": [
      { "internalType": "contract Staking", "name": "pool", "type": "address" }
    ],
    "stateMutability": "nonpayable",
    "type": "function"
  },
  {
    "inputs": [
      { "internalType": "uint256", "name": "_amount", "type": "uint256" }
    ],
    "name": "emergencyWithdraw",
    "outputs": [],
    "stateMutability": "nonpayable",
    "type": "function"
  },
  {
    "inputs": [
      { "internalType": "uint256", "name": "_poolId", "type": "uint256" }
    ],
    "name": "poolDetails",
    "outputs": [
      {
        "components": [
          {
            "internalType": "address",
            "name": "poolAddress",
            "type": "address"
          },
          { "internalType": "address", "name": "token", "type": "address" },
          { "internalType": "address", "name": "owner", "type": "address" },
          {
            "internalType": "address",
            "name": "factoryContract",
            "type": "address"
          },
          { "internalType": "uint256", "name": "rewards", "type": "uint256" },
          { "internalType": "uint256", "name": "decimals", "type": "uint256" },
          {
            "internalType": "uint256",
            "name": "rewardsDuration",
            "type": "uint256"
          },
          {
            "internalType": "uint256",
            "name": "totalTokenAmount",
            "type": "uint256"
          }
        ],
        "internalType": "struct Factory.Pool",
        "name": "",
        "type": "tuple"
      }
    ],
    "stateMutability": "view",
    "type": "function"
  },
  {
    "inputs": [],
    "name": "poolId",
    "outputs": [{ "internalType": "uint256", "name": "", "type": "uint256" }],
    "stateMutability": "view",
    "type": "function"
  },
  {
    "inputs": [
      { "internalType": "address", "name": "_developer", "type": "address" }
    ],
    "name": "setDeveloper",
    "outputs": [],
    "stateMutability": "nonpayable",
    "type": "function"
  },
  {
    "inputs": [
      { "internalType": "address", "name": "_owner", "type": "address" }
    ],
    "name": "setOwner",
    "outputs": [],
    "stateMutability": "nonpayable",
    "type": "function"
  },
  {
    "inputs": [
      { "internalType": "address", "name": "_token", "type": "address" }
    ],
    "name": "setToken",
    "outputs": [],
    "stateMutability": "nonpayable",
    "type": "function"
  },
  {
    "inputs": [],
    "name": "userPool",
    "outputs": [
      { "internalType": "uint256[]", "name": "", "type": "uint256[]" }
    ],
    "stateMutability": "view",
    "type": "function"
  },
  {
    "inputs": [
      { "internalType": "address", "name": "user", "type": "address" }
    ],
    "name": "userStake",
    "outputs": [],
    "stateMutability": "nonpayable",
    "type": "function"
  },
  {
    "inputs": [
      { "internalType": "uint256", "name": "_poolId", "type": "uint256" }
    ],
    "name": "withdrawRewardToken",
    "outputs": [],
    "stateMutability": "nonpayable",
    "type": "function"
  }
]
